state,population_5_17_approx
Yobe,3654267.76025898
Adamawa,2544175.9120047316
Borno,2995719.1557052247
